,ImageFileName,ImageID,catID,catName,predicted,actual,IOU
0,/home/ren/Downloads/carscoco/valid/813988_jpg.rf.21183c6cdc0ac41e69df69b10ddb80cd.jpg,0,0,a,True,True,0.902860341801061
1,/home/ren/Downloads/carscoco/valid/813988_jpg.rf.21183c6cdc0ac41e69df69b10ddb80cd.jpg,0,1,b,True,True,0.9042254667895788
2,/home/ren/Downloads/carscoco/valid/813988_jpg.rf.21183c6cdc0ac41e69df69b10ddb80cd.jpg,0,2,c,True,True,0.906364164534768
3,/home/ren/Downloads/carscoco/valid/813988_jpg.rf.21183c6cdc0ac41e69df69b10ddb80cd.jpg,0,3,d,True,True,0.893711384578806
4,/home/ren/Downloads/carscoco/valid/813988_jpg.rf.21183c6cdc0ac41e69df69b10ddb80cd.jpg,0,4,e,True,True,0.9185457509467446
5,/home/ren/Downloads/carscoco/valid/813988_jpg.rf.21183c6cdc0ac41e69df69b10ddb80cd.jpg,0,5,f,True,True,0.9037832825126213
6,/home/ren/Downloads/carscoco/valid/1066498_jpg.rf.2146116cbfeec807aec7dbe23300169f.jpg,1,0,a,True,True,0.8987980876531542
7,/home/ren/Downloads/carscoco/valid/1066498_jpg.rf.2146116cbfeec807aec7dbe23300169f.jpg,1,1,b,True,True,0.9352841806908266
8,/home/ren/Downloads/carscoco/valid/1066498_jpg.rf.2146116cbfeec807aec7dbe23300169f.jpg,1,3,d,True,True,0.9059914308374848
9,/home/ren/Downloads/carscoco/valid/1066498_jpg.rf.2146116cbfeec807aec7dbe23300169f.jpg,1,4,e,True,True,0.9115093952556756
10,/home/ren/Downloads/carscoco/valid/558783_jpg.rf.126b3c6b8868ac87da6be37fd28eb753.jpg,2,0,a,True,True,0.919978127322904
11,/home/ren/Downloads/carscoco/valid/558783_jpg.rf.126b3c6b8868ac87da6be37fd28eb753.jpg,2,2,c,True,True,0.9122118621972457
12,/home/ren/Downloads/carscoco/valid/558783_jpg.rf.126b3c6b8868ac87da6be37fd28eb753.jpg,2,3,d,True,True,0.8745544644480814
13,/home/ren/Downloads/carscoco/valid/558783_jpg.rf.126b3c6b8868ac87da6be37fd28eb753.jpg,2,5,f,True,True,0.904248745482372
14,/home/ren/Downloads/carscoco/valid/886904_jpg.rf.3eebe85f64786821966a1756a47f4098.jpg,3,0,a,True,True,0.9226186748499735
15,/home/ren/Downloads/carscoco/valid/886904_jpg.rf.3eebe85f64786821966a1756a47f4098.jpg,3,1,b,True,True,0.916350500931406
16,/home/ren/Downloads/carscoco/valid/886904_jpg.rf.3eebe85f64786821966a1756a47f4098.jpg,3,2,c,True,True,0.9361857736897445
17,/home/ren/Downloads/carscoco/valid/886904_jpg.rf.3eebe85f64786821966a1756a47f4098.jpg,3,3,d,True,True,0.8711349289497223
18,/home/ren/Downloads/carscoco/valid/886904_jpg.rf.3eebe85f64786821966a1756a47f4098.jpg,3,4,e,True,True,0.9206507342656186
19,/home/ren/Downloads/carscoco/valid/886904_jpg.rf.3eebe85f64786821966a1756a47f4098.jpg,3,5,f,True,True,0.8701643146588005
20,/home/ren/Downloads/carscoco/valid/1045406_jpg.rf.08d1c1b0932a6c901b2fdbdb8e43c5ff.jpg,4,0,a,True,True,0.9446824051907244
21,/home/ren/Downloads/carscoco/valid/1045406_jpg.rf.08d1c1b0932a6c901b2fdbdb8e43c5ff.jpg,4,3,d,True,True,0.9144114899528539
22,/home/ren/Downloads/carscoco/valid/952363_jpg.rf.0e1d4ff0aa4e3ffa1c9178989d87d59c.jpg,5,0,a,True,True,0.9386812129751589
23,/home/ren/Downloads/carscoco/valid/952363_jpg.rf.0e1d4ff0aa4e3ffa1c9178989d87d59c.jpg,5,1,b,True,True,0.8881882561875662
24,/home/ren/Downloads/carscoco/valid/952363_jpg.rf.0e1d4ff0aa4e3ffa1c9178989d87d59c.jpg,5,2,c,True,True,0.9147559871424372
25,/home/ren/Downloads/carscoco/valid/952363_jpg.rf.0e1d4ff0aa4e3ffa1c9178989d87d59c.jpg,5,3,d,True,True,0.8465982527004091
26,/home/ren/Downloads/carscoco/valid/952363_jpg.rf.0e1d4ff0aa4e3ffa1c9178989d87d59c.jpg,5,4,e,True,True,0.9160230340536163
27,/home/ren/Downloads/carscoco/valid/952363_jpg.rf.0e1d4ff0aa4e3ffa1c9178989d87d59c.jpg,5,5,f,True,True,0.886564870147807
28,/home/ren/Downloads/carscoco/valid/934683_jpg.rf.00d2a8d87c1dad1c3dd34e3a3122c45e.jpg,6,0,a,True,True,0.9215972144970569
29,/home/ren/Downloads/carscoco/valid/934683_jpg.rf.00d2a8d87c1dad1c3dd34e3a3122c45e.jpg,6,2,c,True,True,0.9409763840145438
30,/home/ren/Downloads/carscoco/valid/934683_jpg.rf.00d2a8d87c1dad1c3dd34e3a3122c45e.jpg,6,4,e,True,True,0.9256782385648618
31,/home/ren/Downloads/carscoco/valid/746873_jpg.rf.23d796fd8d54dd0283e85437b0a118ff.jpg,7,0,a,True,True,0.9172993779700436
32,/home/ren/Downloads/carscoco/valid/746873_jpg.rf.23d796fd8d54dd0283e85437b0a118ff.jpg,7,1,b,True,True,0.9071437070166293
33,/home/ren/Downloads/carscoco/valid/746873_jpg.rf.23d796fd8d54dd0283e85437b0a118ff.jpg,7,2,c,True,True,0.8797211212699615
34,/home/ren/Downloads/carscoco/valid/746873_jpg.rf.23d796fd8d54dd0283e85437b0a118ff.jpg,7,3,d,True,True,0.8751289894828139
35,/home/ren/Downloads/carscoco/valid/746873_jpg.rf.23d796fd8d54dd0283e85437b0a118ff.jpg,7,4,e,True,True,0.8992044409760844
36,/home/ren/Downloads/carscoco/valid/746873_jpg.rf.23d796fd8d54dd0283e85437b0a118ff.jpg,7,5,f,True,True,0.8181127297478521
37,/home/ren/Downloads/carscoco/valid/971611_jpg.rf.2e48859d370cd70cafe2446e77b40d90.jpg,8,0,a,True,True,0.8938854781686034
38,/home/ren/Downloads/carscoco/valid/971611_jpg.rf.2e48859d370cd70cafe2446e77b40d90.jpg,8,1,b,True,True,0.8990628699293727
39,/home/ren/Downloads/carscoco/valid/971611_jpg.rf.2e48859d370cd70cafe2446e77b40d90.jpg,8,2,c,True,True,0.9600787101406448
40,/home/ren/Downloads/carscoco/valid/971611_jpg.rf.2e48859d370cd70cafe2446e77b40d90.jpg,8,3,d,True,True,0.8999596633592792
41,/home/ren/Downloads/carscoco/valid/971611_jpg.rf.2e48859d370cd70cafe2446e77b40d90.jpg,8,4,e,True,True,0.922464109057433
42,/home/ren/Downloads/carscoco/valid/971611_jpg.rf.2e48859d370cd70cafe2446e77b40d90.jpg,8,5,f,True,True,0.8928401980182044
43,/home/ren/Downloads/carscoco/valid/545379_jpg.rf.221c7798bbc309c6368ba9ad5b532a1b.jpg,9,0,a,True,True,0.9149910879558536
44,/home/ren/Downloads/carscoco/valid/545379_jpg.rf.221c7798bbc309c6368ba9ad5b532a1b.jpg,9,1,b,True,True,0.8987762897397424
45,/home/ren/Downloads/carscoco/valid/545379_jpg.rf.221c7798bbc309c6368ba9ad5b532a1b.jpg,9,3,d,True,True,0.8722091689638648
46,/home/ren/Downloads/carscoco/valid/545379_jpg.rf.221c7798bbc309c6368ba9ad5b532a1b.jpg,9,5,f,True,True,0.9120289033020392
47,/home/ren/Downloads/carscoco/valid/1098839_jpg.rf.060f84bbda1c11f5068d04187f5f971d.jpg,10,0,a,True,True,0.9111391199803425
48,/home/ren/Downloads/carscoco/valid/1098839_jpg.rf.060f84bbda1c11f5068d04187f5f971d.jpg,10,1,b,True,True,0.9261567467405509
49,/home/ren/Downloads/carscoco/valid/1098839_jpg.rf.060f84bbda1c11f5068d04187f5f971d.jpg,10,2,c,True,True,0.8758479225391714
50,/home/ren/Downloads/carscoco/valid/1098839_jpg.rf.060f84bbda1c11f5068d04187f5f971d.jpg,10,3,d,True,True,0.8866940552606064
51,/home/ren/Downloads/carscoco/valid/1098839_jpg.rf.060f84bbda1c11f5068d04187f5f971d.jpg,10,4,e,True,True,0.8804449711115456
52,/home/ren/Downloads/carscoco/valid/1098839_jpg.rf.060f84bbda1c11f5068d04187f5f971d.jpg,10,5,f,True,True,0.8950488058768663
53,/home/ren/Downloads/carscoco/valid/800216_jpg.rf.2edfc153bd839064ab421cc1b1a01408.jpg,11,0,a,True,True,0.9400188110899095
54,/home/ren/Downloads/carscoco/valid/800216_jpg.rf.2edfc153bd839064ab421cc1b1a01408.jpg,11,1,b,True,True,0.9016218889910486
55,/home/ren/Downloads/carscoco/valid/800216_jpg.rf.2edfc153bd839064ab421cc1b1a01408.jpg,11,2,c,True,True,0.8793541519216811
56,/home/ren/Downloads/carscoco/valid/800216_jpg.rf.2edfc153bd839064ab421cc1b1a01408.jpg,11,4,e,True,True,0.9223828715187369
57,/home/ren/Downloads/carscoco/valid/800216_jpg.rf.2edfc153bd839064ab421cc1b1a01408.jpg,11,5,f,True,True,0.8999463757281516
58,/home/ren/Downloads/carscoco/valid/931867_jpg.rf.3830bbc24f042de2791c107cbd9ada9a.jpg,12,0,a,True,True,0.9299883705509373
59,/home/ren/Downloads/carscoco/valid/931867_jpg.rf.3830bbc24f042de2791c107cbd9ada9a.jpg,12,2,c,True,True,0.9241692858673147
60,/home/ren/Downloads/carscoco/valid/931867_jpg.rf.3830bbc24f042de2791c107cbd9ada9a.jpg,12,4,e,True,True,0.8915306919796524
61,/home/ren/Downloads/carscoco/valid/707774_jpg.rf.2c8d080ea397c835fa44ce0476a8c6dc.jpg,13,1,b,True,True,0.896946687577673
62,/home/ren/Downloads/carscoco/valid/707774_jpg.rf.2c8d080ea397c835fa44ce0476a8c6dc.jpg,13,2,c,True,True,0.9211675829021521
63,/home/ren/Downloads/carscoco/valid/707774_jpg.rf.2c8d080ea397c835fa44ce0476a8c6dc.jpg,13,5,f,True,True,0.8896854445717494
64,/home/ren/Downloads/carscoco/valid/808141_jpg.rf.37fe9da7a5e6f9f2705e2c35d8d5d1b3.jpg,14,0,a,True,True,0.8539222869977973
65,/home/ren/Downloads/carscoco/valid/808141_jpg.rf.37fe9da7a5e6f9f2705e2c35d8d5d1b3.jpg,14,1,b,True,True,0.9018232862905946
66,/home/ren/Downloads/carscoco/valid/808141_jpg.rf.37fe9da7a5e6f9f2705e2c35d8d5d1b3.jpg,14,2,c,True,True,0.9131519744523369
67,/home/ren/Downloads/carscoco/valid/808141_jpg.rf.37fe9da7a5e6f9f2705e2c35d8d5d1b3.jpg,14,3,d,True,True,0.9030256567723873
68,/home/ren/Downloads/carscoco/valid/808141_jpg.rf.37fe9da7a5e6f9f2705e2c35d8d5d1b3.jpg,14,4,e,True,True,0.9062903557091458
69,/home/ren/Downloads/carscoco/valid/808141_jpg.rf.37fe9da7a5e6f9f2705e2c35d8d5d1b3.jpg,14,5,f,True,True,0.9113474492680874
70,/home/ren/Downloads/carscoco/valid/1082354_jpg.rf.30702bd7a9ccedc67fe258aed1d250eb.jpg,15,0,a,True,True,0.9149603613280123
71,/home/ren/Downloads/carscoco/valid/1082354_jpg.rf.30702bd7a9ccedc67fe258aed1d250eb.jpg,15,4,e,True,True,0.8761381386995515
72,/home/ren/Downloads/carscoco/valid/1082354_jpg.rf.30702bd7a9ccedc67fe258aed1d250eb.jpg,15,5,f,True,True,0.8844414427836473
73,/home/ren/Downloads/carscoco/valid/909168_jpg.rf.1f0d9d1d39979728446493fa9233c50e.jpg,16,0,a,True,True,0.9118236595470521
74,/home/ren/Downloads/carscoco/valid/909168_jpg.rf.1f0d9d1d39979728446493fa9233c50e.jpg,16,1,b,True,True,0.9014219318622381
75,/home/ren/Downloads/carscoco/valid/909168_jpg.rf.1f0d9d1d39979728446493fa9233c50e.jpg,16,2,c,True,True,0.9269756881984467
76,/home/ren/Downloads/carscoco/valid/909168_jpg.rf.1f0d9d1d39979728446493fa9233c50e.jpg,16,3,d,True,True,0.8664298816482557
77,/home/ren/Downloads/carscoco/valid/909168_jpg.rf.1f0d9d1d39979728446493fa9233c50e.jpg,16,4,e,True,True,0.8826244006947115
78,/home/ren/Downloads/carscoco/valid/458066_jpg.rf.331bf24f39289e12388a3090354ef506.jpg,17,0,a,True,True,0.9146785160404253
79,/home/ren/Downloads/carscoco/valid/458066_jpg.rf.331bf24f39289e12388a3090354ef506.jpg,17,2,c,True,True,0.8014321437023726
80,/home/ren/Downloads/carscoco/valid/458066_jpg.rf.331bf24f39289e12388a3090354ef506.jpg,17,5,f,True,True,0.9063543436880139
81,/home/ren/Downloads/carscoco/valid/546640_jpg.rf.28cea8104717e0e7f6b02586783359f9.jpg,18,0,a,True,True,0.9176830762168137
82,/home/ren/Downloads/carscoco/valid/546640_jpg.rf.28cea8104717e0e7f6b02586783359f9.jpg,18,1,b,True,True,0.9279856699130858
83,/home/ren/Downloads/carscoco/valid/546640_jpg.rf.28cea8104717e0e7f6b02586783359f9.jpg,18,3,d,True,True,0.8582079400753676
84,/home/ren/Downloads/carscoco/valid/546640_jpg.rf.28cea8104717e0e7f6b02586783359f9.jpg,18,4,e,True,True,0.946826740985433
85,/home/ren/Downloads/carscoco/valid/546640_jpg.rf.28cea8104717e0e7f6b02586783359f9.jpg,18,5,f,True,True,0.8948402302241217
86,/home/ren/Downloads/carscoco/valid/877804_jpg.rf.2567cfd2606c7c5a91bee81de40a5df8.jpg,19,0,a,True,True,0.9142188421826103
87,/home/ren/Downloads/carscoco/valid/877804_jpg.rf.2567cfd2606c7c5a91bee81de40a5df8.jpg,19,1,b,True,True,0.9290999287370842
88,/home/ren/Downloads/carscoco/valid/877804_jpg.rf.2567cfd2606c7c5a91bee81de40a5df8.jpg,19,2,c,True,True,0.8948327333621474
89,/home/ren/Downloads/carscoco/valid/877804_jpg.rf.2567cfd2606c7c5a91bee81de40a5df8.jpg,19,3,d,True,True,0.8711197649217964
90,/home/ren/Downloads/carscoco/valid/877804_jpg.rf.2567cfd2606c7c5a91bee81de40a5df8.jpg,19,4,e,True,True,0.8971539647137868
91,/home/ren/Downloads/carscoco/valid/877804_jpg.rf.2567cfd2606c7c5a91bee81de40a5df8.jpg,19,5,f,True,True,0.8246698066694124
92,/home/ren/Downloads/carscoco/valid/1101704_jpg.rf.233878b6f47c67f9981c144012ffcdac.jpg,20,0,a,True,True,0.8999114941580111
93,/home/ren/Downloads/carscoco/valid/1101704_jpg.rf.233878b6f47c67f9981c144012ffcdac.jpg,20,1,b,True,False,
94,/home/ren/Downloads/carscoco/valid/1101704_jpg.rf.233878b6f47c67f9981c144012ffcdac.jpg,20,2,c,True,True,0.874098704458395
95,/home/ren/Downloads/carscoco/valid/1101704_jpg.rf.233878b6f47c67f9981c144012ffcdac.jpg,20,3,d,True,True,0.9044700337886085
96,/home/ren/Downloads/carscoco/valid/1101704_jpg.rf.233878b6f47c67f9981c144012ffcdac.jpg,20,4,e,True,True,0.8862656163012114
97,/home/ren/Downloads/carscoco/valid/1101704_jpg.rf.233878b6f47c67f9981c144012ffcdac.jpg,20,5,f,True,True,0.8907893217988252
98,/home/ren/Downloads/carscoco/valid/663950_jpg.rf.434277dc541707f61988354833cd27b6.jpg,21,1,b,True,True,0.8980414569131501
99,/home/ren/Downloads/carscoco/valid/663950_jpg.rf.434277dc541707f61988354833cd27b6.jpg,21,2,c,True,True,0.9216076887456033
100,/home/ren/Downloads/carscoco/valid/663950_jpg.rf.434277dc541707f61988354833cd27b6.jpg,21,3,d,True,True,0.869948050941092
101,/home/ren/Downloads/carscoco/valid/807300_jpg.rf.466c0602f9fd465de2bf26c950253f89.jpg,22,0,a,True,True,0.916677224462998
102,/home/ren/Downloads/carscoco/valid/807300_jpg.rf.466c0602f9fd465de2bf26c950253f89.jpg,22,1,b,True,True,0.9137227386742197
103,/home/ren/Downloads/carscoco/valid/807300_jpg.rf.466c0602f9fd465de2bf26c950253f89.jpg,22,2,c,True,True,0.8929164521536087
104,/home/ren/Downloads/carscoco/valid/807300_jpg.rf.466c0602f9fd465de2bf26c950253f89.jpg,22,3,d,True,True,0.8908835937927732
105,/home/ren/Downloads/carscoco/valid/807300_jpg.rf.466c0602f9fd465de2bf26c950253f89.jpg,22,4,e,True,True,0.8801113827600504
106,/home/ren/Downloads/carscoco/valid/807300_jpg.rf.466c0602f9fd465de2bf26c950253f89.jpg,22,5,f,True,True,0.9070406663929372
107,/home/ren/Downloads/carscoco/valid/1103735_jpg.rf.3917ca8c89431c5bc8c3ceef40063568.jpg,23,0,a,True,True,0.9318877148800245
108,/home/ren/Downloads/carscoco/valid/1103735_jpg.rf.3917ca8c89431c5bc8c3ceef40063568.jpg,23,2,c,True,True,0.8960082363687257
109,/home/ren/Downloads/carscoco/valid/1103735_jpg.rf.3917ca8c89431c5bc8c3ceef40063568.jpg,23,3,d,True,True,0.9193015335482762
110,/home/ren/Downloads/carscoco/valid/1103735_jpg.rf.3917ca8c89431c5bc8c3ceef40063568.jpg,23,4,e,True,True,0.887601263964308
111,/home/ren/Downloads/carscoco/valid/1103735_jpg.rf.3917ca8c89431c5bc8c3ceef40063568.jpg,23,5,f,True,True,0.8995109097977211
112,/home/ren/Downloads/carscoco/valid/676359_jpg.rf.51dd89ffbcdbef713889672f19c2b4ec.jpg,24,1,b,True,True,0.8840790784301988
113,/home/ren/Downloads/carscoco/valid/676359_jpg.rf.51dd89ffbcdbef713889672f19c2b4ec.jpg,24,2,c,True,True,0.9107057377790649
114,/home/ren/Downloads/carscoco/valid/676359_jpg.rf.51dd89ffbcdbef713889672f19c2b4ec.jpg,24,3,d,True,True,0.8767156399779662
115,/home/ren/Downloads/carscoco/valid/848111_jpg.rf.5d500dad9b37136a73e1b89214d6654b.jpg,25,0,a,True,True,0.9222320998907771
116,/home/ren/Downloads/carscoco/valid/848111_jpg.rf.5d500dad9b37136a73e1b89214d6654b.jpg,25,1,b,True,True,0.9247839996426591
117,/home/ren/Downloads/carscoco/valid/848111_jpg.rf.5d500dad9b37136a73e1b89214d6654b.jpg,25,2,c,True,True,0.8971960828118066
118,/home/ren/Downloads/carscoco/valid/848111_jpg.rf.5d500dad9b37136a73e1b89214d6654b.jpg,25,3,d,True,True,0.8850651034147493
119,/home/ren/Downloads/carscoco/valid/848111_jpg.rf.5d500dad9b37136a73e1b89214d6654b.jpg,25,4,e,True,True,0.8787115443121897
120,/home/ren/Downloads/carscoco/valid/848111_jpg.rf.5d500dad9b37136a73e1b89214d6654b.jpg,25,5,f,True,True,0.8834168412364501
121,/home/ren/Downloads/carscoco/valid/718811_jpg.rf.4e9948d30e0c8edc6017d162e86b1bec.jpg,26,2,c,True,True,0.9079443259055802
122,/home/ren/Downloads/carscoco/valid/748107_jpg.rf.53ee3f3234c8580429d9432be7b00d18.jpg,27,1,b,True,True,0.8972984487544355
123,/home/ren/Downloads/carscoco/valid/748107_jpg.rf.53ee3f3234c8580429d9432be7b00d18.jpg,27,2,c,True,True,0.896345291692785
124,/home/ren/Downloads/carscoco/valid/748107_jpg.rf.53ee3f3234c8580429d9432be7b00d18.jpg,27,3,d,True,True,0.9016029442874444
125,/home/ren/Downloads/carscoco/valid/748107_jpg.rf.53ee3f3234c8580429d9432be7b00d18.jpg,27,4,e,True,True,0.8668022907337531
126,/home/ren/Downloads/carscoco/valid/748107_jpg.rf.53ee3f3234c8580429d9432be7b00d18.jpg,27,5,f,True,True,0.9009179365878012
127,/home/ren/Downloads/carscoco/valid/973671_jpg.rf.1bf45624086d4dee889ef7adfd517f8f.jpg,28,0,a,True,True,0.9182255345915183
128,/home/ren/Downloads/carscoco/valid/973671_jpg.rf.1bf45624086d4dee889ef7adfd517f8f.jpg,28,1,b,True,True,0.8849109925209644
129,/home/ren/Downloads/carscoco/valid/973671_jpg.rf.1bf45624086d4dee889ef7adfd517f8f.jpg,28,2,c,True,True,0.9377353095811063
130,/home/ren/Downloads/carscoco/valid/973671_jpg.rf.1bf45624086d4dee889ef7adfd517f8f.jpg,28,3,d,True,True,0.8685598944338687
131,/home/ren/Downloads/carscoco/valid/973671_jpg.rf.1bf45624086d4dee889ef7adfd517f8f.jpg,28,4,e,True,True,0.9067906170253174
132,/home/ren/Downloads/carscoco/valid/973671_jpg.rf.1bf45624086d4dee889ef7adfd517f8f.jpg,28,5,f,True,True,0.8986077358697131
133,/home/ren/Downloads/carscoco/valid/731990_jpg.rf.562ea061a9819f1e8785e1bfc4688194.jpg,29,2,c,True,True,0.9255595599049045
134,/home/ren/Downloads/carscoco/valid/731990_jpg.rf.562ea061a9819f1e8785e1bfc4688194.jpg,29,4,e,True,True,0.9019751289703948
135,/home/ren/Downloads/carscoco/valid/750873_jpg.rf.5acea01a424fb40421ad4e7817ed9479.jpg,30,0,a,True,True,0.9297315735654955
136,/home/ren/Downloads/carscoco/valid/750873_jpg.rf.5acea01a424fb40421ad4e7817ed9479.jpg,30,1,b,True,True,0.916403349647547
137,/home/ren/Downloads/carscoco/valid/750873_jpg.rf.5acea01a424fb40421ad4e7817ed9479.jpg,30,2,c,True,True,0.9071414062947118
138,/home/ren/Downloads/carscoco/valid/750873_jpg.rf.5acea01a424fb40421ad4e7817ed9479.jpg,30,3,d,True,True,0.8896320565058196
139,/home/ren/Downloads/carscoco/valid/750873_jpg.rf.5acea01a424fb40421ad4e7817ed9479.jpg,30,4,e,True,True,0.8963800650658129
140,/home/ren/Downloads/carscoco/valid/750873_jpg.rf.5acea01a424fb40421ad4e7817ed9479.jpg,30,5,f,True,True,0.8957873270110515
141,/home/ren/Downloads/carscoco/valid/495875_jpg.rf.542dc5bf4fea24ad2622573d3f2ae0c9.jpg,31,5,f,True,True,0.911025192100219
142,/home/ren/Downloads/carscoco/valid/703725_jpg.rf.63bc86a98ba0d24e48c04132f3e813c1.jpg,32,1,b,True,True,0.9137997252682175
143,/home/ren/Downloads/carscoco/valid/703725_jpg.rf.63bc86a98ba0d24e48c04132f3e813c1.jpg,32,2,c,True,True,0.9100854876341777
144,/home/ren/Downloads/carscoco/valid/703725_jpg.rf.63bc86a98ba0d24e48c04132f3e813c1.jpg,32,5,f,True,True,0.9161216731392975
145,/home/ren/Downloads/carscoco/valid/536007_jpg.rf.60f7988173332a1686a8c5e067b1beae.jpg,33,0,a,True,True,0.9388861093085212
146,/home/ren/Downloads/carscoco/valid/536007_jpg.rf.60f7988173332a1686a8c5e067b1beae.jpg,33,3,d,True,True,0.8826054010396174
147,/home/ren/Downloads/carscoco/valid/536007_jpg.rf.60f7988173332a1686a8c5e067b1beae.jpg,33,5,f,True,True,0.8968576539318563
148,/home/ren/Downloads/carscoco/valid/546014_jpg.rf.6d0755d133e8aa1ecc4b42073e1e27da.jpg,34,0,a,True,True,0.9229086417694525
149,/home/ren/Downloads/carscoco/valid/546014_jpg.rf.6d0755d133e8aa1ecc4b42073e1e27da.jpg,34,1,b,True,True,0.9232663510321889
150,/home/ren/Downloads/carscoco/valid/546014_jpg.rf.6d0755d133e8aa1ecc4b42073e1e27da.jpg,34,3,d,True,True,0.8772454716758368
151,/home/ren/Downloads/carscoco/valid/546014_jpg.rf.6d0755d133e8aa1ecc4b42073e1e27da.jpg,34,4,e,True,False,
152,/home/ren/Downloads/carscoco/valid/546014_jpg.rf.6d0755d133e8aa1ecc4b42073e1e27da.jpg,34,5,f,True,True,0.8894581910822041
153,/home/ren/Downloads/carscoco/valid/588911_jpg.rf.726ad3be3a37ab527bb1c1d7e4d0e95f.jpg,35,2,c,True,True,0.8705755773797568
154,/home/ren/Downloads/carscoco/valid/588911_jpg.rf.726ad3be3a37ab527bb1c1d7e4d0e95f.jpg,35,3,d,True,True,0.8704420838261364
155,/home/ren/Downloads/carscoco/valid/529331_jpg.rf.56c04e189c41f7034126fe5862c73e1f.jpg,36,0,a,True,True,0.9182489188743164
156,/home/ren/Downloads/carscoco/valid/529331_jpg.rf.56c04e189c41f7034126fe5862c73e1f.jpg,36,1,b,True,True,0.9410591820340849
157,/home/ren/Downloads/carscoco/valid/529331_jpg.rf.56c04e189c41f7034126fe5862c73e1f.jpg,36,2,c,True,True,0.891660325438017
158,/home/ren/Downloads/carscoco/valid/529331_jpg.rf.56c04e189c41f7034126fe5862c73e1f.jpg,36,3,d,True,True,0.8835577470130855
159,/home/ren/Downloads/carscoco/valid/529331_jpg.rf.56c04e189c41f7034126fe5862c73e1f.jpg,36,4,e,True,True,0.8985514331798757
160,/home/ren/Downloads/carscoco/valid/529331_jpg.rf.56c04e189c41f7034126fe5862c73e1f.jpg,36,5,f,True,True,0.9137806533639034
161,/home/ren/Downloads/carscoco/valid/811060_jpg.rf.71192fa97b81e05b01b35fe9ec11b5e0.jpg,37,0,a,True,True,0.9111802289950673
162,/home/ren/Downloads/carscoco/valid/811060_jpg.rf.71192fa97b81e05b01b35fe9ec11b5e0.jpg,37,1,b,True,True,0.9030850970937717
163,/home/ren/Downloads/carscoco/valid/811060_jpg.rf.71192fa97b81e05b01b35fe9ec11b5e0.jpg,37,2,c,True,True,0.8898725642457068
164,/home/ren/Downloads/carscoco/valid/811060_jpg.rf.71192fa97b81e05b01b35fe9ec11b5e0.jpg,37,3,d,True,True,0.8961128555905024
165,/home/ren/Downloads/carscoco/valid/811060_jpg.rf.71192fa97b81e05b01b35fe9ec11b5e0.jpg,37,4,e,True,True,0.9075656259573492
166,/home/ren/Downloads/carscoco/valid/811060_jpg.rf.71192fa97b81e05b01b35fe9ec11b5e0.jpg,37,5,f,True,True,0.9242637380519253
167,/home/ren/Downloads/carscoco/valid/1016523_jpg.rf.629b2aa62b212a2dc5a0b2e544dac9bc.jpg,38,1,b,True,True,0.9010384012692411
168,/home/ren/Downloads/carscoco/valid/1016523_jpg.rf.629b2aa62b212a2dc5a0b2e544dac9bc.jpg,38,2,c,True,True,0.9332104813254001
169,/home/ren/Downloads/carscoco/valid/1016523_jpg.rf.629b2aa62b212a2dc5a0b2e544dac9bc.jpg,38,4,e,True,True,0.9244605827488287
170,/home/ren/Downloads/carscoco/valid/1016523_jpg.rf.629b2aa62b212a2dc5a0b2e544dac9bc.jpg,38,5,f,True,True,0.8968118484458724
171,/home/ren/Downloads/carscoco/valid/560398_jpg.rf.699389912654fec08654b4b6956a17fc.jpg,39,0,a,True,True,0.9276209862046487
172,/home/ren/Downloads/carscoco/valid/560398_jpg.rf.699389912654fec08654b4b6956a17fc.jpg,39,1,b,True,True,0.9326875638867722
173,/home/ren/Downloads/carscoco/valid/560398_jpg.rf.699389912654fec08654b4b6956a17fc.jpg,39,2,c,True,True,0.9431945589006383
174,/home/ren/Downloads/carscoco/valid/560398_jpg.rf.699389912654fec08654b4b6956a17fc.jpg,39,3,d,True,True,0.87278246926913
175,/home/ren/Downloads/carscoco/valid/560398_jpg.rf.699389912654fec08654b4b6956a17fc.jpg,39,5,f,True,True,0.9095895923600417
176,/home/ren/Downloads/carscoco/valid/808993_jpg.rf.6252e3ef486af5a2be578b51be030a8d.jpg,40,0,a,True,True,0.8742580720393498
177,/home/ren/Downloads/carscoco/valid/808993_jpg.rf.6252e3ef486af5a2be578b51be030a8d.jpg,40,1,b,True,True,0.8785321833469876
178,/home/ren/Downloads/carscoco/valid/808993_jpg.rf.6252e3ef486af5a2be578b51be030a8d.jpg,40,2,c,True,True,0.9078482183159208
179,/home/ren/Downloads/carscoco/valid/808993_jpg.rf.6252e3ef486af5a2be578b51be030a8d.jpg,40,3,d,True,True,0.8897564543700073
180,/home/ren/Downloads/carscoco/valid/808993_jpg.rf.6252e3ef486af5a2be578b51be030a8d.jpg,40,4,e,True,True,0.9052424272783904
181,/home/ren/Downloads/carscoco/valid/808993_jpg.rf.6252e3ef486af5a2be578b51be030a8d.jpg,40,5,f,True,True,0.8926453570951529
182,/home/ren/Downloads/carscoco/valid/551126_jpg.rf.6c4b353a10c6a255ddd6859015a62f2d.jpg,41,0,a,True,True,0.9085179055935216
183,/home/ren/Downloads/carscoco/valid/551126_jpg.rf.6c4b353a10c6a255ddd6859015a62f2d.jpg,41,2,c,True,True,0.897948631684872
184,/home/ren/Downloads/carscoco/valid/551126_jpg.rf.6c4b353a10c6a255ddd6859015a62f2d.jpg,41,3,d,True,True,0.8669754717545315
185,/home/ren/Downloads/carscoco/valid/551126_jpg.rf.6c4b353a10c6a255ddd6859015a62f2d.jpg,41,5,f,True,True,0.917003155590704
186,/home/ren/Downloads/carscoco/valid/730360_jpg.rf.70c689dd77a20fc85add2da3da715e76.jpg,42,0,a,True,False,
187,/home/ren/Downloads/carscoco/valid/730360_jpg.rf.70c689dd77a20fc85add2da3da715e76.jpg,42,2,c,True,True,0.9239116614906149
188,/home/ren/Downloads/carscoco/valid/730360_jpg.rf.70c689dd77a20fc85add2da3da715e76.jpg,42,4,e,True,True,0.8925120050254693
189,/home/ren/Downloads/carscoco/valid/756797_jpg.rf.660ae3a8cbf3607a8a3078c514216ab9.jpg,43,2,c,True,True,0.918512583060062
190,/home/ren/Downloads/carscoco/valid/756797_jpg.rf.660ae3a8cbf3607a8a3078c514216ab9.jpg,43,3,d,True,True,0.8925090019587117
191,/home/ren/Downloads/carscoco/valid/756797_jpg.rf.660ae3a8cbf3607a8a3078c514216ab9.jpg,43,4,e,True,True,0.8948554418583785
192,/home/ren/Downloads/carscoco/valid/756797_jpg.rf.660ae3a8cbf3607a8a3078c514216ab9.jpg,43,5,f,True,True,0.8961903636808493
193,/home/ren/Downloads/carscoco/valid/954956_jpg.rf.7d30ba0b602952304df94f1270560398.jpg,44,0,a,True,True,0.9449249713290238
194,/home/ren/Downloads/carscoco/valid/954956_jpg.rf.7d30ba0b602952304df94f1270560398.jpg,44,2,c,True,True,0.9514905690275229
195,/home/ren/Downloads/carscoco/valid/954956_jpg.rf.7d30ba0b602952304df94f1270560398.jpg,44,3,d,True,True,0.8665221248533013
196,/home/ren/Downloads/carscoco/valid/954956_jpg.rf.7d30ba0b602952304df94f1270560398.jpg,44,4,e,True,True,0.9273658052539607
197,/home/ren/Downloads/carscoco/valid/954956_jpg.rf.7d30ba0b602952304df94f1270560398.jpg,44,5,f,True,True,0.9028766237965556
198,/home/ren/Downloads/carscoco/valid/566553_jpg.rf.7e9bd1a60efd828a47cf70740ea1a693.jpg,45,0,a,True,True,0.903315145524276
199,/home/ren/Downloads/carscoco/valid/566553_jpg.rf.7e9bd1a60efd828a47cf70740ea1a693.jpg,45,1,b,True,True,0.9000290914941524
200,/home/ren/Downloads/carscoco/valid/566553_jpg.rf.7e9bd1a60efd828a47cf70740ea1a693.jpg,45,2,c,True,True,0.910961732492514
201,/home/ren/Downloads/carscoco/valid/566553_jpg.rf.7e9bd1a60efd828a47cf70740ea1a693.jpg,45,3,d,True,True,0.87078345695709
202,/home/ren/Downloads/carscoco/valid/566553_jpg.rf.7e9bd1a60efd828a47cf70740ea1a693.jpg,45,5,f,True,True,0.9251864706648669
203,/home/ren/Downloads/carscoco/valid/579965_jpg.rf.73e42e29940ec0de3d345b5d921ea8a5.jpg,46,0,a,True,True,0.9439505093607647
204,/home/ren/Downloads/carscoco/valid/579965_jpg.rf.73e42e29940ec0de3d345b5d921ea8a5.jpg,46,2,c,True,True,0.9110791790446955
205,/home/ren/Downloads/carscoco/valid/579965_jpg.rf.73e42e29940ec0de3d345b5d921ea8a5.jpg,46,3,d,True,True,0.857981948339665
206,/home/ren/Downloads/carscoco/valid/547639_jpg.rf.73cf589a556c6ed9f799846565cca06c.jpg,47,0,a,True,True,0.9098858605499346
207,/home/ren/Downloads/carscoco/valid/547639_jpg.rf.73cf589a556c6ed9f799846565cca06c.jpg,47,1,b,True,True,0.9266130560356778
208,/home/ren/Downloads/carscoco/valid/547639_jpg.rf.73cf589a556c6ed9f799846565cca06c.jpg,47,2,c,True,True,0.9266113422558659
209,/home/ren/Downloads/carscoco/valid/547639_jpg.rf.73cf589a556c6ed9f799846565cca06c.jpg,47,3,d,True,True,0.9045882650472246
210,/home/ren/Downloads/carscoco/valid/547639_jpg.rf.73cf589a556c6ed9f799846565cca06c.jpg,47,4,e,True,True,0.9392075472639564
211,/home/ren/Downloads/carscoco/valid/547639_jpg.rf.73cf589a556c6ed9f799846565cca06c.jpg,47,5,f,True,True,0.9150797631888257
212,/home/ren/Downloads/carscoco/valid/792393_jpg.rf.7dd1b0c381ef13b58c8628052a901642.jpg,48,0,a,True,True,0.9385764563796594
213,/home/ren/Downloads/carscoco/valid/792393_jpg.rf.7dd1b0c381ef13b58c8628052a901642.jpg,48,1,b,True,True,0.8747974447790531
214,/home/ren/Downloads/carscoco/valid/792393_jpg.rf.7dd1b0c381ef13b58c8628052a901642.jpg,48,2,c,True,True,0.8695475264298417
215,/home/ren/Downloads/carscoco/valid/792393_jpg.rf.7dd1b0c381ef13b58c8628052a901642.jpg,48,3,d,True,True,0.8434197858052599
216,/home/ren/Downloads/carscoco/valid/792393_jpg.rf.7dd1b0c381ef13b58c8628052a901642.jpg,48,4,e,True,True,0.8971108894578702
217,/home/ren/Downloads/carscoco/valid/792393_jpg.rf.7dd1b0c381ef13b58c8628052a901642.jpg,48,5,f,True,True,0.9134066368994354
218,/home/ren/Downloads/carscoco/valid/512621_jpg.rf.8b4d521ffa75772c3aab13d319b5d85e.jpg,49,1,b,True,True,0.9136792573463705
219,/home/ren/Downloads/carscoco/valid/512621_jpg.rf.8b4d521ffa75772c3aab13d319b5d85e.jpg,49,5,f,True,True,0.9151873388876748
220,/home/ren/Downloads/carscoco/valid/459773_jpg.rf.83dcf195154a71bea63bd88afa1527ff.jpg,50,0,a,True,True,0.9305411644698051
221,/home/ren/Downloads/carscoco/valid/459773_jpg.rf.83dcf195154a71bea63bd88afa1527ff.jpg,50,2,c,True,True,0.9176254634672507
222,/home/ren/Downloads/carscoco/valid/459773_jpg.rf.83dcf195154a71bea63bd88afa1527ff.jpg,50,5,f,True,True,0.9000642278594044
223,/home/ren/Downloads/carscoco/valid/572084_jpg.rf.8daef0736aa32a238cbd94b7bd399fa2.jpg,51,0,a,True,True,0.9337174517520442
224,/home/ren/Downloads/carscoco/valid/572084_jpg.rf.8daef0736aa32a238cbd94b7bd399fa2.jpg,51,1,b,True,True,0.9192194815251051
225,/home/ren/Downloads/carscoco/valid/572084_jpg.rf.8daef0736aa32a238cbd94b7bd399fa2.jpg,51,2,c,True,True,0.8982371068052877
226,/home/ren/Downloads/carscoco/valid/572084_jpg.rf.8daef0736aa32a238cbd94b7bd399fa2.jpg,51,3,d,True,True,0.8654379379788923
227,/home/ren/Downloads/carscoco/valid/572084_jpg.rf.8daef0736aa32a238cbd94b7bd399fa2.jpg,51,5,f,True,True,0.9133435705942582
228,/home/ren/Downloads/carscoco/valid/1050570_jpg.rf.95bddc145f617f9c59656762a47ff4a2.jpg,52,0,a,True,True,0.9428127729096576
229,/home/ren/Downloads/carscoco/valid/1050570_jpg.rf.95bddc145f617f9c59656762a47ff4a2.jpg,52,4,e,True,True,0.9142236572764316
230,/home/ren/Downloads/carscoco/valid/874281_jpg.rf.9ab7602788171657bfff87581a81daae.jpg,53,0,a,True,True,0.9268062640513912
231,/home/ren/Downloads/carscoco/valid/874281_jpg.rf.9ab7602788171657bfff87581a81daae.jpg,53,1,b,True,True,0.9207602947728584
232,/home/ren/Downloads/carscoco/valid/874281_jpg.rf.9ab7602788171657bfff87581a81daae.jpg,53,2,c,True,True,0.9361179822260981
233,/home/ren/Downloads/carscoco/valid/874281_jpg.rf.9ab7602788171657bfff87581a81daae.jpg,53,3,d,True,True,0.9096097026632528
234,/home/ren/Downloads/carscoco/valid/874281_jpg.rf.9ab7602788171657bfff87581a81daae.jpg,53,4,e,True,True,0.8891064745847851
235,/home/ren/Downloads/carscoco/valid/874281_jpg.rf.9ab7602788171657bfff87581a81daae.jpg,53,5,f,True,True,0.8882188194329528
236,/home/ren/Downloads/carscoco/valid/841277_jpg.rf.91139d3133f95c619a2eb9e89dafc543.jpg,54,0,a,True,True,0.9501914025075998
237,/home/ren/Downloads/carscoco/valid/841277_jpg.rf.91139d3133f95c619a2eb9e89dafc543.jpg,54,1,b,True,True,0.909157793199085
238,/home/ren/Downloads/carscoco/valid/841277_jpg.rf.91139d3133f95c619a2eb9e89dafc543.jpg,54,2,c,True,True,0.906524990527374
239,/home/ren/Downloads/carscoco/valid/841277_jpg.rf.91139d3133f95c619a2eb9e89dafc543.jpg,54,3,d,True,True,0.8419093912883993
240,/home/ren/Downloads/carscoco/valid/841277_jpg.rf.91139d3133f95c619a2eb9e89dafc543.jpg,54,4,e,True,True,0.8876202659625925
241,/home/ren/Downloads/carscoco/valid/841277_jpg.rf.91139d3133f95c619a2eb9e89dafc543.jpg,54,5,f,True,True,0.8673060070879092
242,/home/ren/Downloads/carscoco/valid/612737_jpg.rf.a2cebab72a41323d2ff57e9a9abcdf1b.jpg,55,2,c,True,True,0.9099721454364104
243,/home/ren/Downloads/carscoco/valid/612737_jpg.rf.a2cebab72a41323d2ff57e9a9abcdf1b.jpg,55,3,d,True,True,0.8825484889981978
244,/home/ren/Downloads/carscoco/valid/612737_jpg.rf.a2cebab72a41323d2ff57e9a9abcdf1b.jpg,55,5,f,True,True,0.952181301182132
245,/home/ren/Downloads/carscoco/valid/934441_jpg.rf.8fdf1402f557cb108e7faafd5fa8d857.jpg,56,0,a,True,True,0.9236437624280681
246,/home/ren/Downloads/carscoco/valid/934441_jpg.rf.8fdf1402f557cb108e7faafd5fa8d857.jpg,56,2,c,True,True,0.931167550309748
247,/home/ren/Downloads/carscoco/valid/934441_jpg.rf.8fdf1402f557cb108e7faafd5fa8d857.jpg,56,4,e,True,True,0.9176998644245014
248,/home/ren/Downloads/carscoco/valid/753303_jpg.rf.8c70950be522ce56e245d52e139bd88e.jpg,57,0,a,True,True,0.9135740168355884
249,/home/ren/Downloads/carscoco/valid/753303_jpg.rf.8c70950be522ce56e245d52e139bd88e.jpg,57,2,c,True,True,0.9131173921608787
250,/home/ren/Downloads/carscoco/valid/753303_jpg.rf.8c70950be522ce56e245d52e139bd88e.jpg,57,3,d,True,True,0.8688450447225939
251,/home/ren/Downloads/carscoco/valid/753303_jpg.rf.8c70950be522ce56e245d52e139bd88e.jpg,57,4,e,True,True,0.9038907987239657
252,/home/ren/Downloads/carscoco/valid/753303_jpg.rf.8c70950be522ce56e245d52e139bd88e.jpg,57,5,f,True,True,0.9133437847108301
253,/home/ren/Downloads/carscoco/valid/907569_jpg.rf.9ae12c86eb9437563613706cbb29409e.jpg,58,0,a,True,True,0.9178770829981575
254,/home/ren/Downloads/carscoco/valid/907569_jpg.rf.9ae12c86eb9437563613706cbb29409e.jpg,58,1,b,True,True,0.9202482069038963
255,/home/ren/Downloads/carscoco/valid/907569_jpg.rf.9ae12c86eb9437563613706cbb29409e.jpg,58,2,c,True,True,0.9181004718014228
256,/home/ren/Downloads/carscoco/valid/907569_jpg.rf.9ae12c86eb9437563613706cbb29409e.jpg,58,3,d,True,True,0.8945972606823723
257,/home/ren/Downloads/carscoco/valid/907569_jpg.rf.9ae12c86eb9437563613706cbb29409e.jpg,58,4,e,True,True,0.8976885050976691
258,/home/ren/Downloads/carscoco/valid/891846_jpg.rf.9b52e67fdb7613648793e0b51373e389.jpg,59,0,a,True,True,0.9092418698694222
259,/home/ren/Downloads/carscoco/valid/891846_jpg.rf.9b52e67fdb7613648793e0b51373e389.jpg,59,1,b,True,True,0.9100113193770967
260,/home/ren/Downloads/carscoco/valid/891846_jpg.rf.9b52e67fdb7613648793e0b51373e389.jpg,59,2,c,True,True,0.9234837219105226
261,/home/ren/Downloads/carscoco/valid/891846_jpg.rf.9b52e67fdb7613648793e0b51373e389.jpg,59,3,d,True,True,0.8945606197284
262,/home/ren/Downloads/carscoco/valid/891846_jpg.rf.9b52e67fdb7613648793e0b51373e389.jpg,59,4,e,True,True,0.9321329753756744
263,/home/ren/Downloads/carscoco/valid/891846_jpg.rf.9b52e67fdb7613648793e0b51373e389.jpg,59,5,f,True,True,0.8498033575546327
264,/home/ren/Downloads/carscoco/valid/821266_jpg.rf.9b103827c9012ba073b4d75ff0dd3de8.jpg,60,0,a,True,True,0.9369946248980917
265,/home/ren/Downloads/carscoco/valid/821266_jpg.rf.9b103827c9012ba073b4d75ff0dd3de8.jpg,60,1,b,True,True,0.9252462906370104
266,/home/ren/Downloads/carscoco/valid/821266_jpg.rf.9b103827c9012ba073b4d75ff0dd3de8.jpg,60,2,c,True,True,0.9224231745779654
267,/home/ren/Downloads/carscoco/valid/821266_jpg.rf.9b103827c9012ba073b4d75ff0dd3de8.jpg,60,3,d,True,True,0.8884882647566894
268,/home/ren/Downloads/carscoco/valid/821266_jpg.rf.9b103827c9012ba073b4d75ff0dd3de8.jpg,60,4,e,True,True,0.8713766554900605
269,/home/ren/Downloads/carscoco/valid/821266_jpg.rf.9b103827c9012ba073b4d75ff0dd3de8.jpg,60,5,f,True,True,0.8998735973201821
270,/home/ren/Downloads/carscoco/valid/897202_jpg.rf.ab6fd80c30ba3db46c9045ef9c24bea2.jpg,61,0,a,True,True,0.8993719977346666
271,/home/ren/Downloads/carscoco/valid/897202_jpg.rf.ab6fd80c30ba3db46c9045ef9c24bea2.jpg,61,1,b,True,True,0.8363905869153416
272,/home/ren/Downloads/carscoco/valid/897202_jpg.rf.ab6fd80c30ba3db46c9045ef9c24bea2.jpg,61,2,c,True,True,0.9249416849189035
273,/home/ren/Downloads/carscoco/valid/897202_jpg.rf.ab6fd80c30ba3db46c9045ef9c24bea2.jpg,61,3,d,True,True,0.8937719136079276
274,/home/ren/Downloads/carscoco/valid/897202_jpg.rf.ab6fd80c30ba3db46c9045ef9c24bea2.jpg,61,4,e,True,True,0.9101893675193039
275,/home/ren/Downloads/carscoco/valid/897202_jpg.rf.ab6fd80c30ba3db46c9045ef9c24bea2.jpg,61,5,f,True,True,0.8830259410024409
276,/home/ren/Downloads/carscoco/valid/995483_jpg.rf.ac76a0bc744ae32d6a4cb623b02b3703.jpg,62,0,a,True,True,0.9233555731380689
277,/home/ren/Downloads/carscoco/valid/995483_jpg.rf.ac76a0bc744ae32d6a4cb623b02b3703.jpg,62,1,b,True,True,0.8772680367078959
278,/home/ren/Downloads/carscoco/valid/995483_jpg.rf.ac76a0bc744ae32d6a4cb623b02b3703.jpg,62,2,c,True,True,0.9535228119690728
279,/home/ren/Downloads/carscoco/valid/995483_jpg.rf.ac76a0bc744ae32d6a4cb623b02b3703.jpg,62,3,d,True,True,0.914765289390695
280,/home/ren/Downloads/carscoco/valid/995483_jpg.rf.ac76a0bc744ae32d6a4cb623b02b3703.jpg,62,4,e,True,True,0.9296361445604631
281,/home/ren/Downloads/carscoco/valid/995483_jpg.rf.ac76a0bc744ae32d6a4cb623b02b3703.jpg,62,5,f,True,True,0.9001387837690437
282,/home/ren/Downloads/carscoco/valid/924230_jpg.rf.a365c414492a2400cd57512bb2635559.jpg,63,0,a,True,True,0.9231991904596913
283,/home/ren/Downloads/carscoco/valid/924230_jpg.rf.a365c414492a2400cd57512bb2635559.jpg,63,1,b,True,True,0.8880916114736126
284,/home/ren/Downloads/carscoco/valid/924230_jpg.rf.a365c414492a2400cd57512bb2635559.jpg,63,2,c,True,True,0.9098815156128581
285,/home/ren/Downloads/carscoco/valid/924230_jpg.rf.a365c414492a2400cd57512bb2635559.jpg,63,3,d,True,True,0.8725785799932881
286,/home/ren/Downloads/carscoco/valid/924230_jpg.rf.a365c414492a2400cd57512bb2635559.jpg,63,4,e,True,True,0.8963556151685567
287,/home/ren/Downloads/carscoco/valid/1097349_jpg.rf.aed1bef10089ea23a841e863aaa2cac8.jpg,64,0,a,True,True,0.9343606001805804
288,/home/ren/Downloads/carscoco/valid/1097349_jpg.rf.aed1bef10089ea23a841e863aaa2cac8.jpg,64,1,b,True,True,0.9306972304495318
289,/home/ren/Downloads/carscoco/valid/1097349_jpg.rf.aed1bef10089ea23a841e863aaa2cac8.jpg,64,2,c,True,True,0.8905382152908631
290,/home/ren/Downloads/carscoco/valid/1097349_jpg.rf.aed1bef10089ea23a841e863aaa2cac8.jpg,64,3,d,True,True,0.9108128567232929
291,/home/ren/Downloads/carscoco/valid/1097349_jpg.rf.aed1bef10089ea23a841e863aaa2cac8.jpg,64,4,e,True,True,0.8637453132890732
292,/home/ren/Downloads/carscoco/valid/1097349_jpg.rf.aed1bef10089ea23a841e863aaa2cac8.jpg,64,5,f,True,True,0.8841247376804194
293,/home/ren/Downloads/carscoco/valid/1007843_jpg.rf.af14616207298e12c77d5307b21a31b7.jpg,65,1,b,True,True,0.8999045050345016
294,/home/ren/Downloads/carscoco/valid/1007843_jpg.rf.af14616207298e12c77d5307b21a31b7.jpg,65,2,c,True,True,0.9382785368112384
295,/home/ren/Downloads/carscoco/valid/1007843_jpg.rf.af14616207298e12c77d5307b21a31b7.jpg,65,3,d,True,True,0.9092215764909547
296,/home/ren/Downloads/carscoco/valid/1007843_jpg.rf.af14616207298e12c77d5307b21a31b7.jpg,65,4,e,True,True,0.9282552580749892
297,/home/ren/Downloads/carscoco/valid/1007843_jpg.rf.af14616207298e12c77d5307b21a31b7.jpg,65,5,f,True,True,0.930756753913791
298,/home/ren/Downloads/carscoco/valid/918400_jpg.rf.ae829602822733343f382fd8c048cc4d.jpg,66,0,a,True,True,0.921772733288686
299,/home/ren/Downloads/carscoco/valid/918400_jpg.rf.ae829602822733343f382fd8c048cc4d.jpg,66,1,b,True,True,0.8937570216305037
300,/home/ren/Downloads/carscoco/valid/918400_jpg.rf.ae829602822733343f382fd8c048cc4d.jpg,66,2,c,True,True,0.9317217158204757
301,/home/ren/Downloads/carscoco/valid/918400_jpg.rf.ae829602822733343f382fd8c048cc4d.jpg,66,3,d,True,True,0.840381068543204
302,/home/ren/Downloads/carscoco/valid/918400_jpg.rf.ae829602822733343f382fd8c048cc4d.jpg,66,4,e,True,True,0.9058549764534014
303,/home/ren/Downloads/carscoco/valid/547530_jpg.rf.a2dbbb6b19e855bde29e21835fd15e29.jpg,67,0,a,True,True,0.905247485901536
304,/home/ren/Downloads/carscoco/valid/547530_jpg.rf.a2dbbb6b19e855bde29e21835fd15e29.jpg,67,1,b,True,True,0.9192578304181928
305,/home/ren/Downloads/carscoco/valid/547530_jpg.rf.a2dbbb6b19e855bde29e21835fd15e29.jpg,67,2,c,True,True,0.9197154385446412
306,/home/ren/Downloads/carscoco/valid/547530_jpg.rf.a2dbbb6b19e855bde29e21835fd15e29.jpg,67,3,d,True,True,0.8671411432755609
307,/home/ren/Downloads/carscoco/valid/547530_jpg.rf.a2dbbb6b19e855bde29e21835fd15e29.jpg,67,4,e,True,True,0.9304294727123754
308,/home/ren/Downloads/carscoco/valid/547530_jpg.rf.a2dbbb6b19e855bde29e21835fd15e29.jpg,67,5,f,True,True,0.897743850591696
309,/home/ren/Downloads/carscoco/valid/453635_jpg.rf.b0f17dd6869e774adf3f620c25fad99f.jpg,68,0,a,True,True,0.7054128194039574
310,/home/ren/Downloads/carscoco/valid/453635_jpg.rf.b0f17dd6869e774adf3f620c25fad99f.jpg,68,5,f,True,True,0.9074131971407864
311,/home/ren/Downloads/carscoco/valid/451374_jpg.rf.abab341a333add916871680168e19d78.jpg,69,0,a,True,True,0.9133495432612254
312,/home/ren/Downloads/carscoco/valid/451374_jpg.rf.abab341a333add916871680168e19d78.jpg,69,5,f,True,True,0.9038855365114122
313,/home/ren/Downloads/carscoco/valid/926795_jpg.rf.b023f548f299bfdd65f36662383a057e.jpg,70,0,a,True,True,0.9151055329335228
314,/home/ren/Downloads/carscoco/valid/926795_jpg.rf.b023f548f299bfdd65f36662383a057e.jpg,70,2,c,True,True,0.9203475693609395
315,/home/ren/Downloads/carscoco/valid/926795_jpg.rf.b023f548f299bfdd65f36662383a057e.jpg,70,3,d,True,True,0.9117343289457291
316,/home/ren/Downloads/carscoco/valid/926795_jpg.rf.b023f548f299bfdd65f36662383a057e.jpg,70,4,e,True,True,0.8924583627310299
317,/home/ren/Downloads/carscoco/valid/688975_jpg.rf.ae70a7139e8943db4ffd77dcca5814ca.jpg,71,1,b,True,True,0.9171301752802343
318,/home/ren/Downloads/carscoco/valid/688975_jpg.rf.ae70a7139e8943db4ffd77dcca5814ca.jpg,71,2,c,True,True,0.9272976194629182
319,/home/ren/Downloads/carscoco/valid/688975_jpg.rf.ae70a7139e8943db4ffd77dcca5814ca.jpg,71,3,d,True,True,0.8674132839223665
320,/home/ren/Downloads/carscoco/valid/688975_jpg.rf.ae70a7139e8943db4ffd77dcca5814ca.jpg,71,4,e,True,True,0.8941896917682456
321,/home/ren/Downloads/carscoco/valid/833573_jpg.rf.bbd26b677fe91f3b6b9e54293435ce1e.jpg,72,0,a,True,True,0.9294130957220662
322,/home/ren/Downloads/carscoco/valid/833573_jpg.rf.bbd26b677fe91f3b6b9e54293435ce1e.jpg,72,1,b,True,True,0.8970337865481273
323,/home/ren/Downloads/carscoco/valid/833573_jpg.rf.bbd26b677fe91f3b6b9e54293435ce1e.jpg,72,2,c,True,True,0.8896344153404752
324,/home/ren/Downloads/carscoco/valid/833573_jpg.rf.bbd26b677fe91f3b6b9e54293435ce1e.jpg,72,3,d,True,True,0.88689236221193
325,/home/ren/Downloads/carscoco/valid/833573_jpg.rf.bbd26b677fe91f3b6b9e54293435ce1e.jpg,72,4,e,True,True,0.8806132168337095
326,/home/ren/Downloads/carscoco/valid/833573_jpg.rf.bbd26b677fe91f3b6b9e54293435ce1e.jpg,72,5,f,True,True,0.887417260814796
327,/home/ren/Downloads/carscoco/valid/638736_jpg.rf.b6a738e55388033c76bc3c4273d0850f.jpg,73,0,a,True,True,0.9285505827675226
328,/home/ren/Downloads/carscoco/valid/638736_jpg.rf.b6a738e55388033c76bc3c4273d0850f.jpg,73,1,b,True,True,0.901783599405367
329,/home/ren/Downloads/carscoco/valid/638736_jpg.rf.b6a738e55388033c76bc3c4273d0850f.jpg,73,2,c,True,True,0.929561365294274
330,/home/ren/Downloads/carscoco/valid/638736_jpg.rf.b6a738e55388033c76bc3c4273d0850f.jpg,73,3,d,True,True,0.8720652091903669
331,/home/ren/Downloads/carscoco/valid/638736_jpg.rf.b6a738e55388033c76bc3c4273d0850f.jpg,73,4,e,True,True,0.8854981565647051
332,/home/ren/Downloads/carscoco/valid/638736_jpg.rf.b6a738e55388033c76bc3c4273d0850f.jpg,73,5,f,True,True,0.8996589220192763
333,/home/ren/Downloads/carscoco/valid/1091490_jpg.rf.c2bd2edd49bf18fd9f058db208b63ea4.jpg,74,0,a,True,True,0.8965320791102361
334,/home/ren/Downloads/carscoco/valid/1091490_jpg.rf.c2bd2edd49bf18fd9f058db208b63ea4.jpg,74,1,b,True,True,0.9093399056179566
335,/home/ren/Downloads/carscoco/valid/1091490_jpg.rf.c2bd2edd49bf18fd9f058db208b63ea4.jpg,74,2,c,True,True,0.8946324153226827
336,/home/ren/Downloads/carscoco/valid/1091490_jpg.rf.c2bd2edd49bf18fd9f058db208b63ea4.jpg,74,4,e,True,True,0.0
337,/home/ren/Downloads/carscoco/valid/1091490_jpg.rf.c2bd2edd49bf18fd9f058db208b63ea4.jpg,74,5,f,True,True,0.8931249710240075
338,/home/ren/Downloads/carscoco/valid/496400_jpg.rf.b266115f3e11c015f7a07e69e36085f0.jpg,75,5,f,True,True,0.9171122303331681
339,/home/ren/Downloads/carscoco/valid/819137_jpg.rf.bc34f259085bef23c8d2e8bd5ea39a50.jpg,76,0,a,True,True,0.9157904287350388
340,/home/ren/Downloads/carscoco/valid/819137_jpg.rf.bc34f259085bef23c8d2e8bd5ea39a50.jpg,76,1,b,True,True,0.9081663533007183
341,/home/ren/Downloads/carscoco/valid/819137_jpg.rf.bc34f259085bef23c8d2e8bd5ea39a50.jpg,76,2,c,True,True,0.9335151494634991
342,/home/ren/Downloads/carscoco/valid/819137_jpg.rf.bc34f259085bef23c8d2e8bd5ea39a50.jpg,76,3,d,True,True,0.8675112059855027
343,/home/ren/Downloads/carscoco/valid/819137_jpg.rf.bc34f259085bef23c8d2e8bd5ea39a50.jpg,76,4,e,True,True,0.895692732564275
344,/home/ren/Downloads/carscoco/valid/819137_jpg.rf.bc34f259085bef23c8d2e8bd5ea39a50.jpg,76,5,f,True,True,0.9060621724910471
345,/home/ren/Downloads/carscoco/valid/773338_jpg.rf.c30805e0a4178f4da69de6c3d619328f.jpg,77,0,a,True,True,0.9351358183305374
346,/home/ren/Downloads/carscoco/valid/773338_jpg.rf.c30805e0a4178f4da69de6c3d619328f.jpg,77,1,b,True,True,0.9203093179739052
347,/home/ren/Downloads/carscoco/valid/773338_jpg.rf.c30805e0a4178f4da69de6c3d619328f.jpg,77,2,c,True,True,0.9156557853954882
348,/home/ren/Downloads/carscoco/valid/773338_jpg.rf.c30805e0a4178f4da69de6c3d619328f.jpg,77,3,d,True,True,0.8901587261449585
349,/home/ren/Downloads/carscoco/valid/773338_jpg.rf.c30805e0a4178f4da69de6c3d619328f.jpg,77,4,e,True,True,0.8887302377455083
350,/home/ren/Downloads/carscoco/valid/773338_jpg.rf.c30805e0a4178f4da69de6c3d619328f.jpg,77,5,f,True,True,0.9110681509925309
351,/home/ren/Downloads/carscoco/valid/819014_jpg.rf.b09fb1a40af25744d56b4cadc829f707.jpg,78,0,a,True,True,0.8120560273990994
352,/home/ren/Downloads/carscoco/valid/819014_jpg.rf.b09fb1a40af25744d56b4cadc829f707.jpg,78,1,b,True,True,0.9030297484702878
353,/home/ren/Downloads/carscoco/valid/819014_jpg.rf.b09fb1a40af25744d56b4cadc829f707.jpg,78,2,c,True,True,0.9124251831351776
354,/home/ren/Downloads/carscoco/valid/819014_jpg.rf.b09fb1a40af25744d56b4cadc829f707.jpg,78,3,d,True,True,0.8695066471829095
355,/home/ren/Downloads/carscoco/valid/819014_jpg.rf.b09fb1a40af25744d56b4cadc829f707.jpg,78,4,e,True,True,0.880016698898169
356,/home/ren/Downloads/carscoco/valid/819014_jpg.rf.b09fb1a40af25744d56b4cadc829f707.jpg,78,5,f,True,True,0.9019962893836283
357,/home/ren/Downloads/carscoco/valid/730896_jpg.rf.cde4c1fbc6343b1fe0de56f3f7f77f3b.jpg,79,2,c,True,True,0.9162319456511078
358,/home/ren/Downloads/carscoco/valid/730896_jpg.rf.cde4c1fbc6343b1fe0de56f3f7f77f3b.jpg,79,4,e,True,True,0.882679138431708
359,/home/ren/Downloads/carscoco/valid/960105_jpg.rf.baa79a5fd4f61ff9a6ff1e1850805cb0.jpg,80,0,a,True,True,0.9456914261279068
360,/home/ren/Downloads/carscoco/valid/960105_jpg.rf.baa79a5fd4f61ff9a6ff1e1850805cb0.jpg,80,2,c,True,True,0.9308672464768882
361,/home/ren/Downloads/carscoco/valid/960105_jpg.rf.baa79a5fd4f61ff9a6ff1e1850805cb0.jpg,80,3,d,True,True,0.7966631214536213
362,/home/ren/Downloads/carscoco/valid/960105_jpg.rf.baa79a5fd4f61ff9a6ff1e1850805cb0.jpg,80,4,e,True,True,0.9107243652962919
363,/home/ren/Downloads/carscoco/valid/960105_jpg.rf.baa79a5fd4f61ff9a6ff1e1850805cb0.jpg,80,5,f,True,True,0.8662706102955735
364,/home/ren/Downloads/carscoco/valid/456619_jpg.rf.b27765839c4744dd113d1d0fb6cfa88a.jpg,81,0,a,True,True,0.9288963088563008
365,/home/ren/Downloads/carscoco/valid/456619_jpg.rf.b27765839c4744dd113d1d0fb6cfa88a.jpg,81,2,c,True,True,0.9198173159525346
366,/home/ren/Downloads/carscoco/valid/456619_jpg.rf.b27765839c4744dd113d1d0fb6cfa88a.jpg,81,5,f,True,True,0.8822717115177194
367,/home/ren/Downloads/carscoco/valid/1062006_jpg.rf.d68886d491aa0eec3955693c72bafd68.jpg,82,1,b,True,True,0.9418062230179925
368,/home/ren/Downloads/carscoco/valid/1062006_jpg.rf.d68886d491aa0eec3955693c72bafd68.jpg,82,4,e,True,True,0.9121373680755899
369,/home/ren/Downloads/carscoco/valid/1062006_jpg.rf.d68886d491aa0eec3955693c72bafd68.jpg,82,5,f,True,True,0.9203516294814961
370,/home/ren/Downloads/carscoco/valid/468368_jpg.rf.c9b47a775f39584e8727d163c926022c.jpg,83,5,f,True,True,0.9308997436871121
371,/home/ren/Downloads/carscoco/valid/718329_jpg.rf.c3d9d70aec30210d220f49445b41003a.jpg,84,2,c,True,True,0.9230215976338068
372,/home/ren/Downloads/carscoco/valid/531683_jpg.rf.cc1f77d94c848972a4029ee3a4f5a8d4.jpg,85,0,a,True,True,0.9129303107403645
373,/home/ren/Downloads/carscoco/valid/531683_jpg.rf.cc1f77d94c848972a4029ee3a4f5a8d4.jpg,85,1,b,True,True,0.9120090026113303
374,/home/ren/Downloads/carscoco/valid/531683_jpg.rf.cc1f77d94c848972a4029ee3a4f5a8d4.jpg,85,3,d,True,True,0.8891522739803308
375,/home/ren/Downloads/carscoco/valid/531683_jpg.rf.cc1f77d94c848972a4029ee3a4f5a8d4.jpg,85,4,e,True,True,0.9057503871616636
376,/home/ren/Downloads/carscoco/valid/531683_jpg.rf.cc1f77d94c848972a4029ee3a4f5a8d4.jpg,85,5,f,True,True,0.8879846666638386
377,/home/ren/Downloads/carscoco/valid/511330_jpg.rf.d62fb3c7a8e68bb2a8975cef7c2d8395.jpg,86,1,b,True,True,0.9073930651615211
378,/home/ren/Downloads/carscoco/valid/511330_jpg.rf.d62fb3c7a8e68bb2a8975cef7c2d8395.jpg,86,5,f,True,True,0.9130655531036811
379,/home/ren/Downloads/carscoco/valid/695752_jpg.rf.dd2d729d156cd56bdd25afc9cbcd8a89.jpg,87,2,c,True,True,0.9204953267632109
380,/home/ren/Downloads/carscoco/valid/695752_jpg.rf.dd2d729d156cd56bdd25afc9cbcd8a89.jpg,87,3,d,True,True,0.8832186315797477
381,/home/ren/Downloads/carscoco/valid/695752_jpg.rf.dd2d729d156cd56bdd25afc9cbcd8a89.jpg,87,5,f,True,True,0.9195533870260614
382,/home/ren/Downloads/carscoco/valid/1077170_jpg.rf.d2c1a41a6d4ef2e3ee8c0d8917f02709.jpg,88,0,a,True,True,0.9082914398257987
383,/home/ren/Downloads/carscoco/valid/1077170_jpg.rf.d2c1a41a6d4ef2e3ee8c0d8917f02709.jpg,88,2,c,True,True,0.916971100637002
384,/home/ren/Downloads/carscoco/valid/1077170_jpg.rf.d2c1a41a6d4ef2e3ee8c0d8917f02709.jpg,88,4,e,True,True,0.9123599093177802
385,/home/ren/Downloads/carscoco/valid/589999_jpg.rf.eed6b025621e901d6b6e5220cf1a4383.jpg,89,2,c,True,True,0.8799861599197482
386,/home/ren/Downloads/carscoco/valid/589999_jpg.rf.eed6b025621e901d6b6e5220cf1a4383.jpg,89,3,d,True,True,0.8834578952981416
387,/home/ren/Downloads/carscoco/valid/808563_jpg.rf.de423e5db51d2cba22cc11007e4e473c.jpg,90,0,a,True,True,0.892786931217131
388,/home/ren/Downloads/carscoco/valid/808563_jpg.rf.de423e5db51d2cba22cc11007e4e473c.jpg,90,1,b,True,True,0.9031019846270301
389,/home/ren/Downloads/carscoco/valid/808563_jpg.rf.de423e5db51d2cba22cc11007e4e473c.jpg,90,2,c,True,True,0.8786408685958884
390,/home/ren/Downloads/carscoco/valid/808563_jpg.rf.de423e5db51d2cba22cc11007e4e473c.jpg,90,3,d,True,True,0.8936101042312763
391,/home/ren/Downloads/carscoco/valid/808563_jpg.rf.de423e5db51d2cba22cc11007e4e473c.jpg,90,4,e,True,True,0.886797996935828
392,/home/ren/Downloads/carscoco/valid/808563_jpg.rf.de423e5db51d2cba22cc11007e4e473c.jpg,90,5,f,True,True,0.9109455921905669
393,/home/ren/Downloads/carscoco/valid/786803_jpg.rf.e102b05fd17dcfe466bb7cd249077d62.jpg,91,0,a,True,True,0.925273998261887
394,/home/ren/Downloads/carscoco/valid/786803_jpg.rf.e102b05fd17dcfe466bb7cd249077d62.jpg,91,1,b,True,True,0.9123790541185729
395,/home/ren/Downloads/carscoco/valid/786803_jpg.rf.e102b05fd17dcfe466bb7cd249077d62.jpg,91,2,c,True,True,0.912059077747745
396,/home/ren/Downloads/carscoco/valid/786803_jpg.rf.e102b05fd17dcfe466bb7cd249077d62.jpg,91,3,d,True,True,0.8626294613113031
397,/home/ren/Downloads/carscoco/valid/786803_jpg.rf.e102b05fd17dcfe466bb7cd249077d62.jpg,91,4,e,True,True,0.8989135075077369
398,/home/ren/Downloads/carscoco/valid/786803_jpg.rf.e102b05fd17dcfe466bb7cd249077d62.jpg,91,5,f,True,True,0.8795817737135744
399,/home/ren/Downloads/carscoco/valid/1097829_jpg.rf.fc427644520518d3eb6d867d8394cceb.jpg,92,0,a,True,True,0.9228353593391281
400,/home/ren/Downloads/carscoco/valid/1097829_jpg.rf.fc427644520518d3eb6d867d8394cceb.jpg,92,1,b,True,True,0.9308896994121453
401,/home/ren/Downloads/carscoco/valid/1097829_jpg.rf.fc427644520518d3eb6d867d8394cceb.jpg,92,2,c,True,True,0.8876458317195717
402,/home/ren/Downloads/carscoco/valid/1097829_jpg.rf.fc427644520518d3eb6d867d8394cceb.jpg,92,3,d,True,True,0.9165725185922731
403,/home/ren/Downloads/carscoco/valid/1097829_jpg.rf.fc427644520518d3eb6d867d8394cceb.jpg,92,4,e,True,True,0.9074196059236466
404,/home/ren/Downloads/carscoco/valid/1097829_jpg.rf.fc427644520518d3eb6d867d8394cceb.jpg,92,5,f,True,True,0.8910285236978075
405,/home/ren/Downloads/carscoco/valid/763282_jpg.rf.faa28273a456fda74b7f63fe6f25bd69.jpg,93,0,a,True,True,0.9469247203230352
406,/home/ren/Downloads/carscoco/valid/763282_jpg.rf.faa28273a456fda74b7f63fe6f25bd69.jpg,93,1,b,True,True,0.9392605751501011
407,/home/ren/Downloads/carscoco/valid/763282_jpg.rf.faa28273a456fda74b7f63fe6f25bd69.jpg,93,2,c,True,True,0.9247599769661069
408,/home/ren/Downloads/carscoco/valid/763282_jpg.rf.faa28273a456fda74b7f63fe6f25bd69.jpg,93,3,d,True,True,0.861659535510129
409,/home/ren/Downloads/carscoco/valid/763282_jpg.rf.faa28273a456fda74b7f63fe6f25bd69.jpg,93,4,e,True,True,0.8834372320445579
410,/home/ren/Downloads/carscoco/valid/763282_jpg.rf.faa28273a456fda74b7f63fe6f25bd69.jpg,93,5,f,True,True,0.9004525325796461
411,/home/ren/Downloads/carscoco/valid/878860_jpg.rf.e9733b3b25a70310d5b9bebe2841200f.jpg,94,0,a,True,True,0.9443257206569713
412,/home/ren/Downloads/carscoco/valid/878860_jpg.rf.e9733b3b25a70310d5b9bebe2841200f.jpg,94,1,b,True,True,0.9371552997950061
413,/home/ren/Downloads/carscoco/valid/878860_jpg.rf.e9733b3b25a70310d5b9bebe2841200f.jpg,94,2,c,True,True,0.9341882557057598
414,/home/ren/Downloads/carscoco/valid/878860_jpg.rf.e9733b3b25a70310d5b9bebe2841200f.jpg,94,3,d,True,True,0.8610757540802794
415,/home/ren/Downloads/carscoco/valid/878860_jpg.rf.e9733b3b25a70310d5b9bebe2841200f.jpg,94,4,e,True,True,0.911948831676914
416,/home/ren/Downloads/carscoco/valid/878860_jpg.rf.e9733b3b25a70310d5b9bebe2841200f.jpg,94,5,f,True,True,0.8639617703049988
417,/home/ren/Downloads/carscoco/valid/930907_jpg.rf.e94d898e160f546ce966625faf0f0a35.jpg,95,0,a,True,True,0.9156619701439653
418,/home/ren/Downloads/carscoco/valid/930907_jpg.rf.e94d898e160f546ce966625faf0f0a35.jpg,95,2,c,True,True,0.9397762671626484
419,/home/ren/Downloads/carscoco/valid/930907_jpg.rf.e94d898e160f546ce966625faf0f0a35.jpg,95,4,e,True,True,0.9251656003429983
420,/home/ren/Downloads/carscoco/valid/621443_jpg.rf.f2edc44287e3294c954a8fb68599ef18.jpg,96,0,a,True,True,0.9349796660735838
421,/home/ren/Downloads/carscoco/valid/621443_jpg.rf.f2edc44287e3294c954a8fb68599ef18.jpg,96,2,c,True,True,0.8971672370311061
422,/home/ren/Downloads/carscoco/valid/621443_jpg.rf.f2edc44287e3294c954a8fb68599ef18.jpg,96,3,d,True,True,0.8805772763462842
423,/home/ren/Downloads/carscoco/valid/621443_jpg.rf.f2edc44287e3294c954a8fb68599ef18.jpg,96,4,e,True,False,
424,/home/ren/Downloads/carscoco/valid/621443_jpg.rf.f2edc44287e3294c954a8fb68599ef18.jpg,96,5,f,True,True,0.9316698159233521
425,/home/ren/Downloads/carscoco/valid/968691_jpg.rf.f33115f59228ba033c12f1d22f152a31.jpg,97,0,a,True,True,0.9197062970590164
426,/home/ren/Downloads/carscoco/valid/968691_jpg.rf.f33115f59228ba033c12f1d22f152a31.jpg,97,1,b,True,True,0.9231015079503363
427,/home/ren/Downloads/carscoco/valid/968691_jpg.rf.f33115f59228ba033c12f1d22f152a31.jpg,97,2,c,True,True,0.9238235954246008
428,/home/ren/Downloads/carscoco/valid/968691_jpg.rf.f33115f59228ba033c12f1d22f152a31.jpg,97,3,d,True,True,0.8883515322358048
429,/home/ren/Downloads/carscoco/valid/968691_jpg.rf.f33115f59228ba033c12f1d22f152a31.jpg,97,4,e,True,True,0.9335266045430376
430,/home/ren/Downloads/carscoco/valid/968691_jpg.rf.f33115f59228ba033c12f1d22f152a31.jpg,97,5,f,True,True,0.8784978139970995
431,/home/ren/Downloads/carscoco/valid/722066_jpg.rf.d0adb13530ad3169ea016e79d4a9bd01.jpg,98,2,c,True,True,0.9282044909527764
432,/home/ren/Downloads/carscoco/valid/714639_jpg.rf.fc63e907be79bf6d065a77f2bba30640.jpg,99,0,a,True,True,0.9198788239011515
433,/home/ren/Downloads/carscoco/valid/714639_jpg.rf.fc63e907be79bf6d065a77f2bba30640.jpg,99,1,b,True,True,0.9118159295538539
434,/home/ren/Downloads/carscoco/valid/714639_jpg.rf.fc63e907be79bf6d065a77f2bba30640.jpg,99,2,c,True,True,0.9282301673213441
